full_name,stars,watchers,forks,stars_delta,watchers_delta,forks_delta,url
shareAI-lab/learn-claude-code,70063,70063,11413,26,26,3,https://github.com/shareAI-lab/learn-claude-code
ChinaSiro/claude-code-sourcemap,9509,9509,14700,1,1,1,https://github.com/ChinaSiro/claude-code-sourcemap
Alishahryar1/free-claude-code,38880,38880,6180,45,45,3,https://github.com/Alishahryar1/free-claude-code
pengchengneo/Claude-Code,1612,1612,2522,2,2,0,https://github.com/pengchengneo/Claude-Code
hesreallyhim/awesome-claude-code,48697,48697,4256,30,30,3,https://github.com/hesreallyhim/awesome-claude-code
shanraisshan/claude-code-best-practice,62100,62100,6203,13,13,1,https://github.com/shanraisshan/claude-code-best-practice
musistudio/claude-code-router,35600,35600,2931,-1,-1,0,https://github.com/musistudio/claude-code-router
davila7/claude-code-templates,28477,28477,2980,5,5,1,https://github.com/davila7/claude-code-templates
LING71671/Open-ClaudeCode,909,909,1216,0,0,0,https://github.com/LING71671/Open-ClaudeCode
Donchitos/Claude-Code-Game-Studios,22666,22666,3262,14,14,2,https://github.com/Donchitos/Claude-Code-Game-Studios
VoltAgent/awesome-claude-code-subagents,22955,22955,2682,11,11,-1,https://github.com/VoltAgent/awesome-claude-code-subagents
oboard/claude-code-rev,3242,3242,3827,-2,-2,0,https://github.com/oboard/claude-code-rev
ponponon/claude_code_src,2311,2311,3533,0,0,0,https://github.com/ponponon/claude_code_src
anthropics/claude-code-action,8261,8261,1954,2,2,0,https://github.com/anthropics/claude-code-action
Piebald-AI/claude-code-system-prompts,11619,11619,1983,6,6,1,https://github.com/Piebald-AI/claude-code-system-prompts
liuup/claude-code-analysis,3455,3455,1927,1,1,0,https://github.com/liuup/claude-code-analysis
diet103/claude-code-infrastructure-showcase,9739,9739,1214,1,1,0,https://github.com/diet103/claude-code-infrastructure-showcase
pedrohcgs/claude-code-my-workflow,1367,1367,2699,1,1,2,https://github.com/pedrohcgs/claude-code-my-workflow
frankbria/ralph-claude-code,9506,9506,726,1,1,0,https://github.com/frankbria/ralph-claude-code
ykdojo/claude-code-tips,9024,9024,697,6,6,3,https://github.com/ykdojo/claude-code-tips
chauncygu/collection-claude-code-source-code,2737,2737,2422,2,2,1,https://github.com/chauncygu/collection-claude-code-source-code
hangsman/claude-code-source,787,787,1759,0,0,0,https://github.com/hangsman/claude-code-source
lintsinghua/claude-code-book,3870,3870,790,0,0,0,https://github.com/lintsinghua/claude-code-book
ChrisWiles/claude-code-showcase,5982,5982,561,0,0,0,https://github.com/ChrisWiles/claude-code-showcase
huangserva/claude-code-cli,619,619,1310,0,0,1,https://github.com/huangserva/claude-code-cli
wanshuiyin/Auto-claude-code-research-in-sleep,13058,13058,1180,5,5,0,https://github.com/wanshuiyin/Auto-claude-code-research-in-sleep
OneRedOak/claude-code-workflows,3876,3876,565,0,0,0,https://github.com/OneRedOak/claude-code-workflows
FlorianBruniaux/claude-code-ultimate-guide,5350,5350,703,2,2,0,https://github.com/FlorianBruniaux/claude-code-ultimate-guide
nicedreamzapp/claude-code-local,2919,2919,558,1,1,0,https://github.com/nicedreamzapp/claude-code-local
affaan-m/ECC,226599,226599,34653,81,81,5,https://github.com/affaan-m/ECC
anthropics/claude-code-security-review,5482,5482,583,4,4,0,https://github.com/anthropics/claude-code-security-review
zebbern/claude-code-guide,4367,4367,443,1,1,0,https://github.com/zebbern/claude-code-guide
1rgs/claude-code-proxy,3670,3670,478,0,0,0,https://github.com/1rgs/claude-code-proxy
lorryjovens-hub/claude-code-rust,1659,1659,639,0,0,0,https://github.com/lorryjovens-hub/claude-code-rust
rohitg00/awesome-claude-code-toolkit,2266,2266,771,5,5,1,https://github.com/rohitg00/awesome-claude-code-toolkit
disler/claude-code-hooks-mastery,3816,3816,628,2,2,0,https://github.com/disler/claude-code-hooks-mastery
zstmfhy/Claude-code,190,190,285,0,0,0,https://github.com/zstmfhy/Claude-code
Maciek-roboblog/Claude-Code-Usage-Monitor,8383,8383,431,3,3,1,https://github.com/Maciek-roboblog/Claude-Code-Usage-Monitor
777genius/claude-code-source-code,918,918,1098,0,0,0,https://github.com/777genius/claude-code-source-code
Windy3f3f3f3f/how-claude-code-works,3047,3047,658,5,5,0,https://github.com/Windy3f3f3f3f/how-claude-code-works
alejandrobalderas/claude-code-from-source,2404,2404,678,2,2,0,https://github.com/alejandrobalderas/claude-code-from-source
fuergaosi233/claude-code-proxy,2711,2711,404,0,0,0,https://github.com/fuergaosi233/claude-code-proxy
ding113/claude-code-hub,3218,3218,372,1,1,0,https://github.com/ding113/claude-code-hub
RichardAtCT/claude-code-telegram,2723,2723,403,1,1,0,https://github.com/RichardAtCT/claude-code-telegram
kodu-ai/claude-coder,5257,5257,198,0,0,0,https://github.com/kodu-ai/claude-coder
Yuyz0112/claude-code-reverse,2397,2397,406,0,0,0,https://github.com/Yuyz0112/claude-code-reverse
fazxes/Claude-code,225,225,217,0,0,0,https://github.com/fazxes/Claude-code
Cranot/claude-code-guide,2838,2838,320,1,1,0,https://github.com/Cranot/claude-code-guide
SeemSeam/claude_codex_bridge,3203,3203,310,4,4,0,https://github.com/SeemSeam/claude_codex_bridge
multica-ai/andrej-karpathy-skills,188456,188456,19346,133,133,16,https://github.com/multica-ai/andrej-karpathy-skills
luyao618/Claude-Code-Source-Study,1593,1593,551,0,0,0,https://github.com/luyao618/Claude-Code-Source-Study
Windy3f3f3f3f/claude-code-from-scratch,2157,2157,474,3,3,0,https://github.com/Windy3f3f3f3f/claude-code-from-scratch
Chachamaru127/claude-code-harness,2941,2941,281,1,1,0,https://github.com/Chachamaru127/claude-code-harness
anthropics/skills,158744,158744,18722,92,92,11,https://github.com/anthropics/skills
repowise-dev/claude-code-prompts,1149,1149,386,2,2,0,https://github.com/repowise-dev/claude-code-prompts
https-deeplearning-ai/sc-claude-code-files,533,533,797,0,0,0,https://github.com/https-deeplearning-ai/sc-claude-code-files
AprilNEA/claude-code-source,387,387,611,0,0,0,https://github.com/AprilNEA/claude-code-source
anthropics/claude-code-base-action,899,899,613,0,0,0,https://github.com/anthropics/claude-code-base-action
guanshan/ClaudeCode,61,61,213,0,0,0,https://github.com/guanshan/ClaudeCode
JrCx7scC/claude-code-source,371,371,548,0,0,0,https://github.com/JrCx7scC/claude-code-source
edmund-io/edmunds-claude-code,1476,1476,285,0,0,0,https://github.com/edmund-io/edmunds-claude-code
carlvellotti/claude-code-pm-course,2126,2126,348,0,0,0,https://github.com/carlvellotti/claude-code-pm-course
huangjia2019/claude-code-engineering,943,943,339,3,3,1,https://github.com/huangjia2019/claude-code-engineering
Pimzino/claude-code-spec-workflow,3787,3787,265,0,0,0,https://github.com/Pimzino/claude-code-spec-workflow
Yeachan-Heo/oh-my-claudecode,37470,37470,3379,10,10,1,https://github.com/Yeachan-Heo/oh-my-claudecode
jqueryscript/awesome-claude-code,458,458,430,0,0,2,https://github.com/jqueryscript/awesome-claude-code
AICoderTudou/claude-code-tudou,497,497,396,0,0,0,https://github.com/AICoderTudou/claude-code-tudou
andrew-kramer-inno/claude-code-source-build,593,593,525,0,0,0,https://github.com/andrew-kramer-inno/claude-code-source-build
disler/pi-vs-claude-code,1455,1455,347,0,0,1,https://github.com/disler/pi-vs-claude-code
feiskyer/claude-code-settings,1576,1576,232,2,2,0,https://github.com/feiskyer/claude-code-settings
darcyegb/ClaudeCodeAgents,744,744,68,1,1,0,https://github.com/darcyegb/ClaudeCodeAgents
alirezarezvani/claude-skills,21035,21035,2830,117,117,14,https://github.com/alirezarezvani/claude-skills
krusemediallc/arcads-claude-code,971,971,255,0,0,1,https://github.com/krusemediallc/arcads-claude-code
jeremylongshore/claude-code-plugins-plus-skills,2482,2482,350,3,3,0,https://github.com/jeremylongshore/claude-code-plugins-plus-skills
KPR111/Claude-Code,18,18,325,0,0,0,https://github.com/KPR111/Claude-Code
router-for-me/CLIProxyAPI,39357,39357,6502,24,24,5,https://github.com/router-for-me/CLIProxyAPI
digitalsamba/claude-code-video-toolkit,1681,1681,285,5,5,1,https://github.com/digitalsamba/claude-code-video-toolkit
VILA-Lab/Dive-into-Claude-Code,1823,1823,275,2,2,0,https://github.com/VILA-Lab/Dive-into-Claude-Code
centminmod/my-claude-code-setup,2486,2486,236,2,2,0,https://github.com/centminmod/my-claude-code-setup
luongnv89/claude-howto,39330,39330,4746,13,13,0,https://github.com/luongnv89/claude-howto
OrcaWhisper/Claude-Code,83,83,161,0,0,0,https://github.com/OrcaWhisper/Claude-Code
asgeirtj/system_prompts_leaks,51123,51123,8334,355,355,54,https://github.com/asgeirtj/system_prompts_leaks
xu-xiang/everything-claude-code-zh,1586,1586,269,1586,1586,269,https://github.com/xu-xiang/everything-claude-code-zh
